
--
-- Table structure for table `client_list`
--

CREATE TABLE `client_list` (
  `id` int(30) NOT NULL,
  `client_code` varchar(50) NOT NULL,
  `password` text NOT NULL,
  `fullname` text NOT NULL,
  `status` tinyint(1) NOT NULL DEFAULT 1 COMMENT '1 = Active, 2= Inactive',
  `termin_date` varchar(255),
  `termin_number` varchar(255),
  `date_created` datetime NOT NULL DEFAULT current_timestamp(),
  `date_updated` datetime NOT NULL DEFAULT current_timestamp() ON UPDATE current_timestamp()
) ENGINE=InnoDB DEFAULT CHARSET=utf8mb4 COLLATE=utf8mb4_general_ci;

--
-- Dumping data for table `client_list`
--

INSERT INTO `client_list` (`id`, `client_code`, `password`, `fullname`, `status`, `termin_date`, `termin_number`, `date_created`, `date_updated`) VALUES
(5, '20220001', 'ad4817eaead4df26c8b6b4b48fb2158b', 'TestKlient, TestKlient ', 1, '2022-12-19 18:00:00', '1', '2022-08-24 18:42:47', '2022-08-24 18:42:47'),
(7, '20220002', 'c74b6abf5344e6f2d4904a7b2c67eb32', 'Ibishi, Kushtrim ', 1, '2022-12-19 18:00:00', '2', '2022-08-31 06:35:14', '2022-12-16 10:46:41');

-- --------------------------------------------------------

--
-- Table structure for table `client_meta`
--

CREATE TABLE `client_meta` (
  `client_id` int(30) NOT NULL,
  `meta_field` text NOT NULL,
  `meta_value` text NOT NULL
) ENGINE=InnoDB DEFAULT CHARSET=utf8mb4 COLLATE=utf8mb4_general_ci;

--
-- Dumping data for table `client_meta`
--

INSERT INTO `client_meta` (`client_id`, `meta_field`, `meta_value`) VALUES
(5, 'firstname', 'testKlient'),
(5, 'lastname', 'testKlient'),
(5, 'gender', 'Mashkull'),
(5, 'dob', '2022-08-25'),
(5, 'contact', '1234'),
(5, 'address', 'testKlient'),
(5, 'email', 'testKlient@test.com'),
(7, 'firstname', 'Kushtrim'),
(7, 'lastname', 'Ibishi'),
(7, 'gender', 'Mashkull'),
(7, 'dob', '2022-08-31'),
(7, 'contact', '+38345557666'),
(7, 'address', 'Duesseldorf'),
(7, 'email', 'kushtrimibishi01@gmail.com');

-- --------------------------------------------------------

--
-- Table structure for table `doctors_list`
--

CREATE TABLE `doctors_list` (
  `id` int(30) NOT NULL,
  `doctor_code` varchar(50) NOT NULL,
  `password` text NOT NULL,
  `fullname` text NOT NULL,
  `status` tinyint(1) NOT NULL DEFAULT 1 COMMENT '1 = Active, 2= Inactive',
  `date_created` datetime NOT NULL DEFAULT current_timestamp(),
  `date_updated` datetime NOT NULL DEFAULT current_timestamp() ON UPDATE current_timestamp()
) ENGINE=InnoDB DEFAULT CHARSET=utf8mb4 COLLATE=utf8mb4_general_ci;

--
-- Dumping data for table `doctors_list`
--

INSERT INTO `doctors_list` (`id`, `doctor_code`, `password`, `fullname`, `status`, `date_created`, `date_updated`) VALUES
(6, '20220001', 'ad4817eaead4df26c8b6b4b48fb2158b', 'Sokoli, Besart ', 1, '2022-08-25 12:26:23', '2022-08-25 12:26:23');

-- --------------------------------------------------------

--
-- Table structure for table `doctor_meta`
--

CREATE TABLE `doctor_meta` (
  `doctor_id` int(30) NOT NULL,
  `meta_field` text NOT NULL,
  `meta_value` text NOT NULL
) ENGINE=InnoDB DEFAULT CHARSET=utf8mb4 COLLATE=utf8mb4_general_ci;

--
-- Dumping data for table `doctor_meta`
--

INSERT INTO `doctor_meta` (`doctor_id`, `meta_field`, `meta_value`) VALUES
(6, 'firstname', 'Besart'),
(6, 'lastname', 'Sokoli'),
(6, 'gender', 'Mashkull'),
(6, 'dob', '2022-08-25'),
(6, 'contact', '+38345333220'),
(6, 'address', 'Llugë, Podujevë'),
(6, 'email', '');

-- --------------------------------------------------------

--
-- Table structure for table `invoice_list`
--

CREATE TABLE `invoice_list` (
  `id` int(30) NOT NULL,
  `invoice_code` varchar(50) NOT NULL,
  `client_id` int(30) NOT NULL,
  `total_amount` float NOT NULL DEFAULT 0,
  `discount_perc` float NOT NULL DEFAULT 0,
  `discount` float NOT NULL DEFAULT 0,
  `tax_perc` float NOT NULL DEFAULT 0,
  `tax` float NOT NULL DEFAULT 0,
  `date_start` varchar(255),
  `date_end` varchar(255),
  `remarks` text DEFAULT NULL,
  `zbritja` float DEFAULT 0,
  `status` tinyint(1) NOT NULL DEFAULT 0 COMMENT '0=pending, 1=Paid',
  `date_created` datetime NOT NULL DEFAULT current_timestamp(),
  `date_updated` datetime NOT NULL DEFAULT current_timestamp() ON UPDATE current_timestamp()
) ENGINE=InnoDB DEFAULT CHARSET=utf8mb4 COLLATE=utf8mb4_general_ci;

--
-- Dumping data for table `invoice_list`
--

INSERT INTO `invoice_list` (`id`, `invoice_code`, `client_id`, `total_amount`, `discount_perc`, `discount`, `tax_perc`, `tax`, `remarks`, `status`, `date_created`, `date_updated`) VALUES
(1, '202100001', 1, 592.9, 2, 12.1, 12, 72.6, 'Sample Only', 1, '2021-11-05 13:12:43', '2021-11-05 13:45:49'),
(3, '202100002', 4, 717.24, 5, 37.7495, 12, 90.5988, 'Sample Invoice 2', 1, '2021-11-05 15:10:47', '2021-11-05 15:19:56'),
(4, '202200001', 5, 250, 0, 0, 0, 0, 'testFatura', 0, '2022-08-24 18:44:14', '2022-08-24 18:44:14');

-- --------------------------------------------------------

--
-- Table structure for table `invoice_services`
--

CREATE TABLE `invoice_services` (
  `invoice_id` int(30) NOT NULL,
  `service_id` int(30) NOT NULL,
  `price` float NOT NULL DEFAULT 0
) ENGINE=InnoDB DEFAULT CHARSET=utf8mb4 COLLATE=utf8mb4_general_ci;

--
-- Dumping data for table `invoice_services`
--

INSERT INTO `invoice_services` (`invoice_id`, `service_id`, `price`) VALUES
(1, 1, 250),
(1, 3, 355),
(2, 3, 355),
(2, 1, 250),
(2, 2, 399.99),
(3, 2, 399.99),
(3, 3, 355),
(4, 1, 250),
(5, 5, 20);

-- --------------------------------------------------------

--
-- Table structure for table `services_list`
--

CREATE TABLE `services_list` (
  `id` int(30) NOT NULL,
  `name` text NOT NULL,
  `description` text NOT NULL,
  `price` float NOT NULL DEFAULT 0,
  `status` tinyint(1) NOT NULL DEFAULT 1,
  `date_created` datetime NOT NULL DEFAULT current_timestamp(),
  `date_updated` datetime NOT NULL DEFAULT current_timestamp() ON UPDATE current_timestamp()
) ENGINE=InnoDB DEFAULT CHARSET=utf8mb4 COLLATE=utf8mb4_general_ci;

--
-- Dumping data for table `services_list`
--

INSERT INTO `services_list` (`id`, `name`, `description`, `price`, `status`, `date_created`, `date_updated`) VALUES
(5, 'Test', 'Test', 20, 1, '2022-08-31 06:43:14', '2022-08-31 06:43:14');

-- --------------------------------------------------------

--
-- Table structure for table `system_info`
--

CREATE TABLE `system_info` (
  `id` int(30) NOT NULL,
  `meta_field` text NOT NULL,
  `meta_value` text NOT NULL
) ENGINE=InnoDB DEFAULT CHARSET=utf8mb4 COLLATE=utf8mb4_general_ci;

--
-- Dumping data for table `system_info`
--

INSERT INTO `system_info` (`id`, `meta_field`, `meta_value`) VALUES
(1, 'name', 'Logomedicous'),
(6, 'short_name', 'CMS-PHP'),
(11, 'logo', 'uploads/logo-1661381209.png'),
(13, 'user_avatar', 'uploads/user_avatar.jpg'),
(14, 'cover', 'uploads/cover-1636097638.png'),
(15, 'content', 'Array');

-- --------------------------------------------------------

--
-- Table structure for table `termin_list`
--

CREATE TABLE `termin_list` (
  `id` int(30) NOT NULL,
  `doctor_code` varchar(50) NOT NULL,
  `client_id` int(30) NOT NULL,
  `doctors_id` int(30) NOT NULL,
  `service_id` int(30) NOT NULL,
  `remarks` text DEFAULT NULL,
  `status` tinyint(1) NOT NULL DEFAULT 0 COMMENT '0=pending, 1=Paid',
  `date_created` time NOT NULL DEFAULT current_timestamp(),
  `date_ofTermin` date NOT NULL DEFAULT current_timestamp(),
  `date_updated` datetime NOT NULL DEFAULT current_timestamp() ON UPDATE current_timestamp()
) ENGINE=InnoDB DEFAULT CHARSET=utf8mb4 COLLATE=utf8mb4_general_ci;

--
-- Dumping data for table `termin_list`
--

INSERT INTO `termin_list` (`id`, `doctor_code`, `client_id`, `doctors_id`, `service_id`, `remarks`, `status`, `date_created`, `date_ofTermin`, `date_updated`) VALUES
(0, '202200001', 7, 6, 5, NULL, 0, '17:46:00', '2022-12-16', '2022-12-16 10:45:12');

-- --------------------------------------------------------

--
-- Table structure for table `termin_services`
--

CREATE TABLE `termin_services` (
  `termin_id` int(30) NOT NULL,
  `doctor_id` int(30) NOT NULL,
  `date_created` datetime NOT NULL DEFAULT current_timestamp()
) ENGINE=InnoDB DEFAULT CHARSET=utf8mb4 COLLATE=utf8mb4_general_ci;

--
-- Dumping data for table `termin_services`
--

INSERT INTO `termin_services` (`termin_id`, `doctor_id`, `date_created`) VALUES
(1, 1, '2021-11-05 00:00:00'),
(1, 3, '2021-11-05 00:00:00'),
(2, 3, '2021-11-05 00:00:00'),
(2, 1, '2021-11-05 00:00:00'),
(2, 2, '2021-11-05 00:00:00'),
(3, 2, '2021-11-05 00:00:00'),
(3, 3, '2021-11-05 00:00:00');

-- --------------------------------------------------------

--
-- Table structure for table `users`
--

CREATE TABLE `users` (
  `id` int(50) NOT NULL,
  `firstname` varchar(250) NOT NULL,
  `middlename` text DEFAULT NULL,
  `lastname` varchar(250) NOT NULL,
  `username` text NOT NULL,
  `password` text NOT NULL,
  `avatar` text DEFAULT NULL,
  `last_login` datetime DEFAULT NULL,
  `type` tinyint(1) NOT NULL DEFAULT 0,
  `date_added` datetime NOT NULL DEFAULT current_timestamp(),
  `date_updated` datetime DEFAULT NULL ON UPDATE current_timestamp()
) ENGINE=InnoDB DEFAULT CHARSET=utf8mb4 COLLATE=utf8mb4_general_ci;

--
-- Dumping data for table `users`
--

INSERT INTO `users` (`id`, `firstname`, `middlename`, `lastname`, `username`, `password`, `avatar`, `last_login`, `type`, `date_added`, `date_updated`) VALUES
(1, 'tedted admin', NULL, 'Admin', 'admin', '0192023a7bbd73250516f069df18b500', 'uploads/avatar-1.png?v=1635556826', NULL, 1, '2021-01-20 14:02:37', '2022-04-01 15:08:31'),
(11, 'Claire', NULL, 'Blake', 'cblake', 'cd74fae0a3adf459f73bbf187607ccea', 'uploads/avatar-11.png?v=1635920566', NULL, 1, '2021-11-03 14:22:46', '2021-11-03 14:22:46'),
(14, 'John', NULL, 'Smith', 'jsmith', '39ce7e2a8573b41ce73b5ba41617f8f7', 'uploads/avatar-14.png?v=1636074078', NULL, 2, '2021-11-05 09:01:18', '2021-11-05 09:01:18'),
(15, 'Granit', NULL, 'Haliti', 'Granit', 'e33a892b39b9a68bd6fa56946785b2ee', NULL, NULL, 1, '2022-09-08 11:41:23', NULL),
(16, 'Kushtrim', NULL, 'Ibishi', 'Kusha', '5379068a395fb339266259d221d7773c', NULL, NULL, 1, '2022-11-29 16:09:03', NULL);

-- --------------------------------------------------------

--
-- Table structure for table `user_meta`
--

CREATE TABLE `user_meta` (
  `user_id` int(30) NOT NULL,
  `meta_field` text NOT NULL,
  `meta_value` text NOT NULL,
  `date_created` datetime NOT NULL DEFAULT current_timestamp()
) ENGINE=InnoDB DEFAULT CHARSET=utf8mb4 COLLATE=utf8mb4_general_ci;

--
-- Indexes for dumped tables
--

--
-- Indexes for table `client_list`
--
ALTER TABLE `client_list`
  ADD PRIMARY KEY (`id`);

--
-- Indexes for table `client_meta`
--
ALTER TABLE `client_meta`
  ADD KEY `client_id` (`client_id`);

--
-- Indexes for table `doctors_list`
--
ALTER TABLE `doctors_list`
  ADD PRIMARY KEY (`id`);

--
-- Indexes for table `doctor_meta`
--
ALTER TABLE `doctor_meta`
  ADD KEY `doctor_id` (`doctor_id`);

--
-- Indexes for table `invoice_list`
--
ALTER TABLE `invoice_list`
  ADD PRIMARY KEY (`id`),
  ADD KEY `client_id` (`client_id`);

--
-- Indexes for table `invoice_services`
--
ALTER TABLE `invoice_services`
  ADD KEY `invoice_id` (`invoice_id`),
  ADD KEY `service_id` (`service_id`);

--
-- Indexes for table `services_list`
--
ALTER TABLE `services_list`
  ADD PRIMARY KEY (`id`);

--
-- Indexes for table `system_info`
--
ALTER TABLE `system_info`
  ADD PRIMARY KEY (`id`);

--
-- Indexes for table `termin_services`
--
ALTER TABLE `termin_services`
  ADD KEY `termin_id` (`termin_id`),
  ADD KEY `doctor_id` (`doctor_id`);

--
-- Indexes for table `users`
--
ALTER TABLE `users`
  ADD PRIMARY KEY (`id`);

--
-- Indexes for table `user_meta`
--
ALTER TABLE `user_meta`
  ADD KEY `user_id` (`user_id`);

--
-- AUTO_INCREMENT for dumped tables
--

--
-- AUTO_INCREMENT for table `client_list`
--
ALTER TABLE `client_list`
  MODIFY `id` int(30) NOT NULL AUTO_INCREMENT, AUTO_INCREMENT=8;

--
-- AUTO_INCREMENT for table `doctors_list`
--
ALTER TABLE `doctors_list`
  MODIFY `id` int(30) NOT NULL AUTO_INCREMENT, AUTO_INCREMENT=7;

--
-- AUTO_INCREMENT for table `invoice_list`
--
ALTER TABLE `invoice_list`
  MODIFY `id` int(30) NOT NULL AUTO_INCREMENT, AUTO_INCREMENT=6;

--
-- AUTO_INCREMENT for table `services_list`
--
ALTER TABLE `services_list`
  MODIFY `id` int(30) NOT NULL AUTO_INCREMENT, AUTO_INCREMENT=6;

--
-- AUTO_INCREMENT for table `system_info`
--
ALTER TABLE `system_info`
  MODIFY `id` int(30) NOT NULL AUTO_INCREMENT, AUTO_INCREMENT=16;

--
-- AUTO_INCREMENT for table `users`
--
ALTER TABLE `users`
  MODIFY `id` int(50) NOT NULL AUTO_INCREMENT, AUTO_INCREMENT=17;

--
-- Constraints for dumped tables
--

--
-- Constraints for table `client_meta`
--
ALTER TABLE `client_meta`
  ADD CONSTRAINT `client_meta_ibfk_1` FOREIGN KEY (`client_id`) REFERENCES `client_list` (`id`) ON DELETE CASCADE;

--
-- Constraints for table `doctor_meta`
--
ALTER TABLE `doctor_meta`
  ADD CONSTRAINT `doctor_meta_ibfk_1` FOREIGN KEY (`doctor_id`) REFERENCES `doctors_list` (`id`) ON DELETE CASCADE;
COMMIT;

/*!40101 SET CHARACTER_SET_CLIENT=@OLD_CHARACTER_SET_CLIENT */;
/*!40101 SET CHARACTER_SET_RESULTS=@OLD_CHARACTER_SET_RESULTS */;
/*!40101 SET COLLATION_CONNECTION=@OLD_COLLATION_CONNECTION */;
